{
    "companies": [
      {
        "name": "uniqlo",
        "instagram": [
          {
            "followers": 1200000,
            "increase_percentage": 2.2,
            "decrease_percentage": 1.9,
            "hashtags": ["#uniqlo", "#fashion", "#style", "#streetwear", "#comfort"],
            "content": "Discover the latest fall collection! Stylish, comfortable, and affordable fashion for everyone.",
            "date_added": "2024-11-24"
          },
          {
            "followers": 1226000,
            "increase_percentage": 2.1,
            "decrease_percentage": 1.8,
            "hashtags": ["#uniqlo", "#sustainablefashion", "#autumnstyle", "#trendy", "#modernlook"],
            "content": "Fall fashion is here! Shop our eco-friendly collection made from sustainable materials.",
            "date_added": "2024-11-24"
          }
        ],
        "facebook": [
          {
            "followers": 2000000,
            "increase_percentage": 2.0,
            "decrease_percentage": 1.7,
            "hashtags": ["#uniqlo", "#fashion", "#sustainability", "#minimalist", "#trendy"],
            "content": "Join us in supporting sustainable fashion. Check out our eco-friendly collections!",
            "date_added": "2024-11-24"
          },
          {
            "followers": 2040000,
            "increase_percentage": 2.0,
            "decrease_percentage": 1.8,
            "hashtags": ["#uniqlo", "#fashionforall", "#everybodyisbeautiful", "#inclusivefashion", "#affordable"],
            "content": "We believe fashion is for everyone. Find the perfect fit for your style!",
            "date_added": "2024-11-24"
          }
        ]
      },
      {
        "name": "nike",
        "instagram": [
          {
            "followers": 2500000,
            "increase_percentage": 2.2,
            "decrease_percentage": 1.9,
            "hashtags": ["#nike", "#justdoit", "#sportstyle", "#fitfam", "#motivation"],
            "content": "Unleash your inner athlete with the latest in Nike sportswear and gear.",
            "date_added": "2024-11-24"
          },
          {
            "followers": 2555000,
            "increase_percentage": 2.1,
            "decrease_percentage": 1.8,
            "hashtags": ["#nike", "#running", "#trainhard", "#fitnessjourney", "#sportswear"],
            "content": "Run faster, train harder, and be stronger with Nike’s performance apparel.",
            "date_added": "2024-11-24"
          }
        ],
        "facebook": [
          {
            "followers": 4000000,
            "increase_percentage": 2.1,
            "decrease_percentage": 1.8,
            "hashtags": ["#nike", "#justdoit", "#sportswear", "#workout", "#fitnessgoals"],
            "content": "Achieve your fitness goals with Nike’s latest collection of workout gear.",
            "date_added": "2024-11-24"
          },
          {
            "followers": 4080000,
            "increase_percentage": 2.0,
            "decrease_percentage": 1.7,
            "hashtags": ["#nike", "#crossfit", "#powerlifting", "#strength", "#athleticwear"],
            "content": "Strength meets comfort with our new CrossFit gear. Train harder, lift stronger.",
            "date_added": "2024-11-24"
          }
        ]
      }
    ]
  }
  